,Cluster #0,Cluster #1,Cluster #2,Cluster #3,Cluster #4,Cluster #5,Cluster #6,Cluster #7,Cluster #8,Cluster #9,Cluster #10,Cluster #11,Cluster #12,Cluster #13,Cluster #14,Cluster #15,Cluster #16,Cluster #17,Cluster #18,Cluster #19,Cluster #20,Cluster #21,Cluster #22,Cluster #23,Cluster #24,Cluster #25,Cluster #26,Cluster #27,Cluster #28,Cluster #29,Cluster #30,Cluster #31,Cluster #32,Cluster #33,Cluster #34,Cluster #35,Cluster #36,Cluster #37,Cluster #38,Cluster #39,Cluster #40,Cluster #41,Cluster #42,Cluster #43,Cluster #44,Cluster #45,Cluster #46,Cluster #47,Cluster #48,Cluster #49
1,フレデリクソン,貴一,品川隆二,ツルギ,南浦紹明,武装錬金,遠藤光男,lea,浜松市北区,俵信之,分子構造,あきつ丸,出費,ルーセル,ポルトガル領,横向き,浜口順子,燃やさ,放逐,切り身,たくらみ,ねお,スタンドアップ,伊東駅,卯水咲流,饒,調停委員,光反応,駒ヶ林,やさしくしてね,紅理子,violent,ジェフリーズ,eller,cyps,性分,追い求め,住商,傾斜地,今季,番宣番組,谷沢永一,ルシアーノ,萩野,キャブオーバー,わくいかずお,programmable,麻布大学,源頼義,竹仲絵里
2,バルビ,梨絵,新克利,ザジ,惟喬親王,鉄のラインバレル,前田直樹,larsen,川上町,松本整,相転移,甲標的,判断基準,チェッリーニ,スルタン国,差し込み,くまきりあさ美,引き出さ,酷使,そぼろ,迷い子,なこ,ブリード,金沢八景駅,あずみ恋,餘,人権擁護法案,ポリエチレングリコール,百間町,高木さん,村井克行,chill,バックリー,constructed,日田市立光岡小学校,苦労人,引き入れ,加ト吉,潟湖,初対戦,月曜から夜ふかし,遺著,マテイ,芝田,xh,isachne,converter,産業医科大学,禁裏,たむらぱん
3,ヤヒア,幸広,待田京介,ジェダ,遺誡,オレカバトル,小磯典子,brandt,桃山町,谷原秀人,水素結合,海軍陸戦隊,なおかつ,ラモー,タンガニーカ,取っ手,平野ノラ,引き込ま,温存,煮干し,翔ぶ,こお,プレイング,富士急行線,あやね遥菜,齊,政府代表,酸化的リン酸化,小瀬戸,ちびちび,佐藤宏之,misery,マクナリー,tipsy,翟各,苛立ち,鍛え上げ,住友生命保険,湖面,リーグ制覇,シューイチ,森話社,ジョナタン,志水,rvr,puq,mesh,学習院女子大学,後鳥羽上皇,浪漫飛行
4,マティーアス,智雄,千吉,カグラ,吉事,ワンパンマン,筑紫野市長,dahl,本山町,十文字貴信,中間体,陸上部隊,使途,ヴァーグナー,イピロス,つま先,和希沙也,帰さ,詰問,から揚げ,ささやく,ちや,プレジャー,東広島駅,塚田詩織,霄,参考人,カルシトニン,片貝駅,だめっこどうぶつ,岩瀬威司,breaks,ストラットン,xcd,theridioides,恰好,味わっ,マツヤデンキ,露頭,ハットトリック,がっちりマンデー,文章読本,プレドラグ,嶋村,zd,クイリーノ,router,兵庫県立大学,北畠顕家,池田聡
5,アレシュ,佳久,お妙,アゼル,雪村友梅,ロボットガールズz,田中信孝,lukas,山中町,菅田順和,浸透圧,陸戦隊,とはいえ,ロドルフ,キプロス島,網目,城咲仁,降ろさ,追認,土鍋,はだし,にこ,パーマネント,青山駅,中居ちはる,朶,安保理,高速液体クロマトグラフィー,星野町,ミザリィ,木村豊幸,selfish,サンダーソン,geraghty,chlorophorus,無自覚,招き入れ,日興コーディアル証券,雑木林,年間優勝,ウイークエンド,日本の名随筆,アイトール,宮村,マチック,zsolnay,extensions,敬愛大学,楠木氏,川本真琴
6,アンセルミ,真哉,船戸順,リリーナ,大慈,ハイスコアガール,満生,lund,大分県豊後大野市,オービックシーガルズ,基底状態,上陸用舟艇,よって,アレヴィ,ベッサラビア,縦方向,ミラクルひかる,見放さ,再確認,ドライフルーツ,一人ぼっち,りみ,スネイク,日立駅,桜木優希音,冲,関連法案,ペプチド結合,池島町,葵ちゃん,川島美津子,bites,ケイス,braulio,セコールズーム,振舞い,痛めつけ,損害保険ジャパン日本興亜,砂州,テストマッチ,通販番組,右文書院,ダルコ,中江,fzr,verschollen,verilog,京都府立医科大学,宝徳,zutto
7,エルキン,晃一郎,仙造,アクマ,余慶,超魔神英雄伝ワタル,高橋勉,benoit,宮城県白石市,稲村成浩,リン酸化,特設巡洋艦,裁量,ダーヴィト,カフカス,横方向,滝沢カレン,脅かさ,黙殺,野菜炒め,赤い月,づみ,マッドネス,京急川崎駅,水嶋あずみ,牟,総務会,珪肺,栗平,高須竜児,典江,dread,ピータース,upp,fuscater,変わり者,脅かし,岩谷産業,ブナ林,試合終盤,日高晤郎ショー,春風社,ドゥケ,庄野,パネルバン,merk,corba,東京家政大学,義直,halcali
8,アジャイ,達哉,巳之吉,ベンケイ,頓阿,ガイストクラッシャー,山本健二,arno,宮島町,佐々木昭彦,外力,潜水艦隊,見積もり,マイアベーア,トンブクトゥ,滑車,重盛さと美,吸い込ま,懐柔,フカヒレ,鳥籠,のあ,クワイエット,西舞鶴駅,星空もあ,鸞,施政方針演説,焼ならし,小津町,相内沙英,佐々木梨里,babies,ファーガス,salvo,クントマリ,怠け者,なだめ,朝日生命保険,河岸段丘,韓国戦,知っとこ,皓星社,ズラトコ,仲野,zg,鳥取県米子市西福原,configuration,相模女子大学,内府,コアラモード
9,クリシャン,昭人,和田浩治,エキドナ,他阿,爆れつハンター,小倉孝,hirsch,三重県名張市,山口健治,溶質,主力部隊,拘束力,タイス,スペイン帝国,蝶番,山咲トオル,引き離さ,落命,旨み,忘れもの,びる,エバー,近鉄四日市駅,櫻井ゆうこ,嚴,中央労働委員会,定性分析,大野郵便局,成瀬川なる,細山田隆人,attraction,オーウェンズ,seeley,pictophaedusa,男らしく,使い果たし,明治安田生命保険,干拓地,次戦,ぴーかんテレビ,日本人論,ホナタン,栗栖,パワーユニット,ansorge,csp,一般教養,宗良親王,小谷美紗子
10,ペレラ,雄治,竜崎勝,マジン,初祖,魔法少女プリティサミー,上森寛元,moser,福井県大野市,太田真一,ニューロン,大発,不利益,ヴィーラント,オフリド,スリット,小阪由佳,惑わさ,露呈,酢漬け,道づれ,もえ,ミニット,上飯田駅,瀬奈涼,駱,外務委員会,ピペリジン,松浜町,イノセントガール,秋好,crowd,ドネリー,badia,湯梨浜町松崎,ヘタレ,無くし,福山通運,湖岸,来季,ミュージックアワー,批評社,アギラール,瀬戸口,fxe,伊五十二型潜水艦,calculator,東京薬科大学,目代,清竜人
11,サース,香代子,砂塚秀夫,ベム,大休正念,ボンバーマンジェッターズ,三好南穂,virgil,今津町,宮里優作,共有結合,カグール,必然的,クロイツァー,ゴート族,撃針,山田親太朗,恨ま,一段落,甘露煮,夕闇,さいこ,デンジャー,日根野駅,推川ゆうり,欧陽,閣内,メバロン酸経路,みどり町,泉光子郎,千葉裕子,crack,バークレイ,compared,ラクトシルセラミド,案外,奪い取っ,みずほフィナンシャルグループ,甌穴,リーグ連覇,テレビ派,筑摩選書,ヨニー,西條,エアサス,diplomarbeit,components,日本大学商学部,宿老,石崎ひゅーい
12,コステル,尚樹,捨吉,ルゥ,弁長,六門天外モンコレナイト,岩田淳,reinhold,三川町,吉川元浩,リガンド,特殊潜航艇,便益,ハウプトマン,ペシャーワル,前後左右,叶美香,とりつか,現出,ポン酢,季節はずれ,ちみ,グロウ,篠山口駅,川越ゆい,虔,平和安全法制,ヒドロキノン,渚町,雅亜公,四禮正明,cuts,マイロン,situations,オツール,成り行き,押しつけ,三越伊勢丹,河床,サヨナラ勝ち,やじうまテレビ,四方田犬彦,カセレス,楢崎,シーラス,arriola,packet,金城学院大学,鎮守府将軍,冨田ラボ
13,ルアルディ,信宏,葉山良二,ゴーマ,猿丸大夫,スカイガールズ,北畠教真,fabre,新潟県十日町市,庄司和広,準位,バルチック艦隊,使い道,ウェルテル,イオニア諸島,爪先,松井絵里奈,解き放た,棚上げ,おこわ,からっぽ,めじ,スクリーミング,山下駅,宮下つばさ,咸,改革案,ラセミ化,大平橋,b壱,六浦誠,rocking,ストリックランド,vill,スーパージンマー,身なり,乱し,あいおいニッセイ同和損害保険,外輪山,代表入り,水曜日のダウンタウン,径書房,ピオトル,貴島,空冷エンジン,岡崎英二,iis,東洋英和女学院大学,吉田家,小野正利
14,フリエタ,隆生,川崎あかね,ケルビム,賢俊,神風怪盗ジャンヌ,小澤寛,walden,山梨県笛吹市,小島茂之,局在,仮装巡洋艦,短期的,シマノフスキ,テマ,前側,松嶋初音,注が,退出,茶碗蒸し,夜更け,りう,トラベリング,須磨駅,眞木あずさ,羨,上下両院,生体物質,別院前,ちび丸ちゃん,すみ江,loser,ボーウェン,caz,タヴァーレシュ,玉に瑕,見せ付け,リンナイ,低湿,無得点,スパモク,村上陽一郎,ムラデン,浅利,ロータリーエンジン,ギェナー,identifier,椙山女学園大学,家綱,新山詩織
15,ムレイ,裕輔,結城しのぶ,デュラハン,河野通有,アイカツスターズ,野々山一三,wolff,野上町,加藤慎平,加水分解,菊水作戦,優先権,カルル,パンジャーブ,骨組み,だいたひかる,見逃さ,生け捕り,漬け物,満月の夜,ちお,マッシヴ,鳴海駅,菊原まどか,鐸,厚生労働委員会,生体高分子,南山町,プピポー,福家美峰,pants,ヴァージル,baskets,shiranuka,自己主張,汚し,大京,英虞湾,勝ち点差,めざにゅ,川村湊,トミスラフ,須貝,zc,konradsreuth,sdl,国際教養学部,頼綱,米倉利紀
16,アンドール,卓郎,安井昌二,フドウ,斎藤実盛,無限のリヴァイアス,五森大輔,quentin,岐阜県下呂市,松下電工インパルス,磁化,ブイン,一般論,モントゥー,ギリシャ共和国,蛇腹,やるせなす,見限ら,処断,里芋,胸騒ぎ,るび,トゥエンティ,西九条駅,稲川なつめ,邊,行政訴訟,酸塩基指示薬,下小原,リヴァイア,増沢望,flies,モファット,vig,中田井,現実主義者,引っ張っ,損保ジャパン,木道,連勝記録,mxテレビ,図書新聞,カントゥ,吉武,xk,角濱嘉彦,matlab,総合科学部,足利将軍家,やなわらばー
17,バイロ,浩次,成田三樹夫,謎の少年,喝食,gear戦士電童,石田徹,gallo,佐賀県鹿島市,大神雄子,メチル化,迅鯨,適用対象,ケルビーニ,キレナイカ,手の甲,長井秀和,放り出さ,厳命,辛子,春の嵐,きす,グリッター,川越線,松坂樹梨,竺,行政主席,レトロトランスポゾン,大正郵便局,パパと踊ろう,佐藤和也,inspiration,シェイファー,pumps,gojikkoku,親バカ,切りつけ,パナソニック株式会社,窪地,完全優勝,自社製作番組,平川祐弘,ヨープ,菱田,avic,ryland,hardware,神戸女学院大学,前九年の役,bonobos
18,フリストフ,善之,高津住男,アラクネ,中院通勝,宇宙の騎士テッカマンブレード,長谷川慎,vogel,小河内,安藤梢,界面,南方作戦,依然,パレストリーナ,カルス,フランジ,田代さやか,追いやら,生起,玉葱,不思議な世界,こんち,ミラクルズ,京成津田沼駅,芦名ユリア,琛,オンブズマン,cxcr,猪倉,美浜ちよ,真家,squeeze,コービン,virtuoso,chjhs,何もかも,食い止め,ほっかほっか亭,氾濫原,フル出場,ネット放送,山本七平,フィリペ,品田,bbj,オカダウミウシ,printer,獨協,信光,岸谷香
19,スピロス,逸子,今福正雄,ヒュウガ,経盛,ダンボール戦機,喜正,cyril,市川町,ダイナスティカップ,糖鎖,邀撃,弊害,ホルバイン,ラダック,風防,武内由紀子,遮ら,譲歩,数の子,恋模様,わかい,ゴッズ,掛川駅,野宮さとみ,鎭,人事委員会,ルビスコ,旭通,hanaji,貴山侑哉,grind,グレイブス,nubian,zaptyx,心根,けしかけ,明治屋,西麓,没収試合,生活情報番組,井筒俊彦,ホセバ,八巻,ebr,エヴォラ歴史地区,receiver,日本大学生産工学部,衆徒,植田真梨恵
20,パヴィッチ,謙司,太田博之,リィ,宝鏡,yaiba,小川恵子,linden,茨城県稲敷市,市川華菜,励起状態,芙蓉部隊,違反行為,ツェムリンスキー,ネーデルラント連邦共和国,かかと,椿姫彩菜,怖がら,喧伝,かき揚げ,白昼夢,ぞの,トイズ,賢島駅,沙藤ユリ,寨,国会審議,rflp,本町東,ファイファイ,山崎海童,reckless,ラティマー,celebrated,aibetsu,無頓着,釣り上げ,信販,東麓,ルーキーイヤー,日本bs放送,保田與重郎,ヘーレンフェーン,寺坂,wf,ジーベンアイヒ,catalyst,東日本国際大学,後鳥羽院,椿屋四重奏
